<?xml version="1.0" encoding="utf-8"?>
<updates>
	<update>
		<name>Google Maps</name>
		<description>Plugin Googlemap for showing Google Maps in your Joomla website</description>
		<element>plugin_googlemap3</element>
		<type>plugin</type>
		<folder>system</folder>
		<version>3.0</version>
		<client_id>0</client_id>
		<client>site</client>
		<downloads>
			<downloadurl type="full" format="tgz">http://joomlacode.org/gf/download/frsrelease/18457/81636/plugin_googlemap_J25_J30.v3.0.zip</downloadurl>
		</downloads>
		<maintainer>Mike Reumer</maintainer>
		<maintainerurl></maintainerurl>
		<targetplatform name="joomla" version="2.5" />
	</update>
	<update>
		<name>Google Maps</name>
		<description>Plugin Googlemap for showing Google Maps in your Joomla website</description>
		<element>plugin_googlemap3</element>
		<type>plugin</type>
		<folder>system</folder>
		<version>3.0</version>
		<client_id>0</client_id>
		<client>site</client>
		<downloads>
			<downloadurl type="full" format="tgz">http://joomlacode.org/gf/download/frsrelease/18457/81636/plugin_googlemap_J25_J30.v3.0.zip</downloadurl>
		</downloads>
		<maintainer>Mike Reumer</maintainer>
		<maintainerurl></maintainerurl>
		<targetplatform name="joomla" version="3.0" />
	</update>
	<update>
		<name>Google Maps</name>
		<description>Plugin Googlemap for showing Google Maps in your Joomla website</description>
		<element>plugin_googlemap3</element>
		<type>plugin</type>
		<folder>system</folder>
		<version>3.0</version>
		<client_id>0</client_id>
		<client>site</client>
		<downloads>
			<downloadurl type="full" format="tgz">http://joomlacode.org/gf/download/frsrelease/18457/81636/plugin_googlemap_J25_J30.v3.0.zip</downloadurl>
		</downloads>
		<maintainer>Mike Reumer</maintainer>
		<maintainerurl></maintainerurl>
		<targetplatform name="joomla" version="3.1" />
	</update>
</updates>